env,env_label,method,seed,random_repeat,goal_offset,eval_budget,num_tasks,success_rate,distance_to_goal,eval_task_seed,policy_seed,elapsed_seconds,status,result_dir,metrics_path,final_training_run
tworoom,TwoRoom,forward_only,0,,25,50,100,31.0,nan,62025,72025,263.97873640060425,ok,/lustre/home/pivashkov/projects/latent-world-models/experiments/horizon_sweep/results/tworoom/forward_only/offset_25,/lustre/home/pivashkov/projects/latent-world-models/experiments/horizon_sweep/results/tworoom/forward_only/offset_25/metrics.json,tworoom_forward_only_seed0
tworoom,TwoRoom,inverse,0,,25,50,100,100.0,nan,62025,72025,253.26376295089722,ok,/lustre/home/pivashkov/projects/latent-world-models/experiments/horizon_sweep/results/tworoom/inverse/offset_25,/lustre/home/pivashkov/projects/latent-world-models/experiments/horizon_sweep/results/tworoom/inverse/offset_25/metrics.json,tworoom_inverse_lambda_0p1_seed0
tworoom,TwoRoom,sigreg,0,,25,50,100,91.0,nan,62025,72025,258.2668318748474,ok,/lustre/home/pivashkov/projects/latent-world-models/experiments/horizon_sweep/results/tworoom/sigreg/offset_25,/lustre/home/pivashkov/projects/latent-world-models/experiments/horizon_sweep/results/tworoom/sigreg/offset_25/metrics.json,tworoom_sigreg_seed0
tworoom,TwoRoom,random,,0,25,50,100,27.0,nan,62025,72025,10.306242227554321,ok,/lustre/home/pivashkov/projects/latent-world-models/experiments/horizon_sweep/results/tworoom/random/offset_25,/lustre/home/pivashkov/projects/latent-world-models/experiments/horizon_sweep/results/tworoom/random/offset_25/metrics.json,
tworoom,TwoRoom,forward_only,0,,40,80,100,22.0,nan,62026,72026,503.5122535228729,ok,/lustre/home/pivashkov/projects/latent-world-models/experiments/horizon_sweep/results/tworoom/forward_only/offset_40,/lustre/home/pivashkov/projects/latent-world-models/experiments/horizon_sweep/results/tworoom/forward_only/offset_40/metrics.json,tworoom_forward_only_seed0
tworoom,TwoRoom,inverse,0,,40,80,100,98.0,nan,62026,72026,508.40242648124695,ok,/lustre/home/pivashkov/projects/latent-world-models/experiments/horizon_sweep/results/tworoom/inverse/offset_40,/lustre/home/pivashkov/projects/latent-world-models/experiments/horizon_sweep/results/tworoom/inverse/offset_40/metrics.json,tworoom_inverse_lambda_0p1_seed0
tworoom,TwoRoom,sigreg,0,,40,80,100,84.0,nan,62026,72026,500.6889045238495,ok,/lustre/home/pivashkov/projects/latent-world-models/experiments/horizon_sweep/results/tworoom/sigreg/offset_40,/lustre/home/pivashkov/projects/latent-world-models/experiments/horizon_sweep/results/tworoom/sigreg/offset_40/metrics.json,tworoom_sigreg_seed0
tworoom,TwoRoom,random,,0,40,80,100,18.0,nan,62026,72026,16.60806941986084,ok,/lustre/home/pivashkov/projects/latent-world-models/experiments/horizon_sweep/results/tworoom/random/offset_40,/lustre/home/pivashkov/projects/latent-world-models/experiments/horizon_sweep/results/tworoom/random/offset_40/metrics.json,
tworoom,TwoRoom,forward_only,0,,55,110,100,8.0,nan,62027,72027,664.5004694461823,ok,/lustre/home/pivashkov/projects/latent-world-models/experiments/horizon_sweep/results/tworoom/forward_only/offset_55,/lustre/home/pivashkov/projects/latent-world-models/experiments/horizon_sweep/results/tworoom/forward_only/offset_55/metrics.json,tworoom_forward_only_seed0
tworoom,TwoRoom,inverse,0,,55,110,100,96.0,nan,62027,72027,624.4635083675385,ok,/lustre/home/pivashkov/projects/latent-world-models/experiments/horizon_sweep/results/tworoom/inverse/offset_55,/lustre/home/pivashkov/projects/latent-world-models/experiments/horizon_sweep/results/tworoom/inverse/offset_55/metrics.json,tworoom_inverse_lambda_0p1_seed0
tworoom,TwoRoom,sigreg,0,,55,110,100,71.0,nan,62027,72027,631.3882558345795,ok,/lustre/home/pivashkov/projects/latent-world-models/experiments/horizon_sweep/results/tworoom/sigreg/offset_55,/lustre/home/pivashkov/projects/latent-world-models/experiments/horizon_sweep/results/tworoom/sigreg/offset_55/metrics.json,tworoom_sigreg_seed0
tworoom,TwoRoom,random,,0,55,110,100,7.000000000000001,nan,62027,72027,20.558278560638428,ok,/lustre/home/pivashkov/projects/latent-world-models/experiments/horizon_sweep/results/tworoom/random/offset_55,/lustre/home/pivashkov/projects/latent-world-models/experiments/horizon_sweep/results/tworoom/random/offset_55/metrics.json,
tworoom,TwoRoom,forward_only,0,,70,140,100,12.0,nan,62028,72028,756.285252571106,ok,/lustre/home/pivashkov/projects/latent-world-models/experiments/horizon_sweep/results/tworoom/forward_only/offset_70,/lustre/home/pivashkov/projects/latent-world-models/experiments/horizon_sweep/results/tworoom/forward_only/offset_70/metrics.json,tworoom_forward_only_seed0
tworoom,TwoRoom,inverse,0,,70,140,100,95.0,nan,62028,72028,769.1172308921814,ok,/lustre/home/pivashkov/projects/latent-world-models/experiments/horizon_sweep/results/tworoom/inverse/offset_70,/lustre/home/pivashkov/projects/latent-world-models/experiments/horizon_sweep/results/tworoom/inverse/offset_70/metrics.json,tworoom_inverse_lambda_0p1_seed0
tworoom,TwoRoom,sigreg,0,,70,140,100,61.0,nan,62028,72028,763.7863066196442,ok,/lustre/home/pivashkov/projects/latent-world-models/experiments/horizon_sweep/results/tworoom/sigreg/offset_70,/lustre/home/pivashkov/projects/latent-world-models/experiments/horizon_sweep/results/tworoom/sigreg/offset_70/metrics.json,tworoom_sigreg_seed0
tworoom,TwoRoom,random,,0,70,140,100,7.000000000000001,nan,62028,72028,26.799031019210815,ok,/lustre/home/pivashkov/projects/latent-world-models/experiments/horizon_sweep/results/tworoom/random/offset_70,/lustre/home/pivashkov/projects/latent-world-models/experiments/horizon_sweep/results/tworoom/random/offset_70/metrics.json,
tworoom,TwoRoom,forward_only,0,,85,170,100,6.0,nan,62029,72029,867.6817970275879,ok,/lustre/home/pivashkov/projects/latent-world-models/experiments/horizon_sweep/results/tworoom/forward_only/offset_85,/lustre/home/pivashkov/projects/latent-world-models/experiments/horizon_sweep/results/tworoom/forward_only/offset_85/metrics.json,tworoom_forward_only_seed0
tworoom,TwoRoom,inverse,0,,85,170,100,82.0,nan,62029,72029,894.6093385219574,ok,/lustre/home/pivashkov/projects/latent-world-models/experiments/horizon_sweep/results/tworoom/inverse/offset_85,/lustre/home/pivashkov/projects/latent-world-models/experiments/horizon_sweep/results/tworoom/inverse/offset_85/metrics.json,tworoom_inverse_lambda_0p1_seed0
tworoom,TwoRoom,sigreg,0,,85,170,100,42.0,nan,62029,72029,870.3907005786896,ok,/lustre/home/pivashkov/projects/latent-world-models/experiments/horizon_sweep/results/tworoom/sigreg/offset_85,/lustre/home/pivashkov/projects/latent-world-models/experiments/horizon_sweep/results/tworoom/sigreg/offset_85/metrics.json,tworoom_sigreg_seed0
tworoom,TwoRoom,random,,0,85,170,100,3.0,nan,62029,72029,31.91333556175232,ok,/lustre/home/pivashkov/projects/latent-world-models/experiments/horizon_sweep/results/tworoom/random/offset_85,/lustre/home/pivashkov/projects/latent-world-models/experiments/horizon_sweep/results/tworoom/random/offset_85/metrics.json,
tworoom,TwoRoom,forward_only,0,,100,200,100,8.0,nan,62030,72030,1021.7979850769043,ok,/lustre/home/pivashkov/projects/latent-world-models/experiments/horizon_sweep/results/tworoom/forward_only/offset_100,/lustre/home/pivashkov/projects/latent-world-models/experiments/horizon_sweep/results/tworoom/forward_only/offset_100/metrics.json,tworoom_forward_only_seed0
tworoom,TwoRoom,inverse,0,,100,200,100,79.0,nan,62030,72030,1037.475882768631,ok,/lustre/home/pivashkov/projects/latent-world-models/experiments/horizon_sweep/results/tworoom/inverse/offset_100,/lustre/home/pivashkov/projects/latent-world-models/experiments/horizon_sweep/results/tworoom/inverse/offset_100/metrics.json,tworoom_inverse_lambda_0p1_seed0
tworoom,TwoRoom,sigreg,0,,100,200,100,38.0,nan,62030,72030,1061.594614982605,ok,/lustre/home/pivashkov/projects/latent-world-models/experiments/horizon_sweep/results/tworoom/sigreg/offset_100,/lustre/home/pivashkov/projects/latent-world-models/experiments/horizon_sweep/results/tworoom/sigreg/offset_100/metrics.json,tworoom_sigreg_seed0
tworoom,TwoRoom,random,,0,100,200,100,3.0,nan,62030,72030,36.72702980041504,ok,/lustre/home/pivashkov/projects/latent-world-models/experiments/horizon_sweep/results/tworoom/random/offset_100,/lustre/home/pivashkov/projects/latent-world-models/experiments/horizon_sweep/results/tworoom/random/offset_100/metrics.json,
reacher,Reacher,forward_only,0,,25,50,100,17.0,nan,63025,73025,259.49427247047424,ok,/lustre/home/pivashkov/projects/latent-world-models/experiments/horizon_sweep/results/reacher/forward_only/offset_25,/lustre/home/pivashkov/projects/latent-world-models/experiments/horizon_sweep/results/reacher/forward_only/offset_25/metrics.json,reacher_forward_only_seed0
reacher,Reacher,inverse,0,,25,50,100,75.0,nan,63025,73025,288.4489061832428,ok,/lustre/home/pivashkov/projects/latent-world-models/experiments/horizon_sweep/results/reacher/inverse/offset_25,/lustre/home/pivashkov/projects/latent-world-models/experiments/horizon_sweep/results/reacher/inverse/offset_25/metrics.json,reacher_inverse_lambda_1_seed0
reacher,Reacher,sigreg,0,,25,50,100,78.0,nan,63025,73025,280.3396029472351,ok,/lustre/home/pivashkov/projects/latent-world-models/experiments/horizon_sweep/results/reacher/sigreg/offset_25,/lustre/home/pivashkov/projects/latent-world-models/experiments/horizon_sweep/results/reacher/sigreg/offset_25/metrics.json,reacher_sigreg_seed0
reacher,Reacher,random,,0,25,50,100,17.0,nan,63025,73025,42.729323387145996,ok,/lustre/home/pivashkov/projects/latent-world-models/experiments/horizon_sweep/results/reacher/random/offset_25,/lustre/home/pivashkov/projects/latent-world-models/experiments/horizon_sweep/results/reacher/random/offset_25/metrics.json,
reacher,Reacher,forward_only,0,,40,80,100,13.0,nan,63026,73026,544.4888956546783,ok,/lustre/home/pivashkov/projects/latent-world-models/experiments/horizon_sweep/results/reacher/forward_only/offset_40,/lustre/home/pivashkov/projects/latent-world-models/experiments/horizon_sweep/results/reacher/forward_only/offset_40/metrics.json,reacher_forward_only_seed0
reacher,Reacher,inverse,0,,40,80,100,80.0,nan,63026,73026,555.1877615451813,ok,/lustre/home/pivashkov/projects/latent-world-models/experiments/horizon_sweep/results/reacher/inverse/offset_40,/lustre/home/pivashkov/projects/latent-world-models/experiments/horizon_sweep/results/reacher/inverse/offset_40/metrics.json,reacher_inverse_lambda_1_seed0
reacher,Reacher,sigreg,0,,40,80,100,85.0,nan,63026,73026,561.214521408081,ok,/lustre/home/pivashkov/projects/latent-world-models/experiments/horizon_sweep/results/reacher/sigreg/offset_40,/lustre/home/pivashkov/projects/latent-world-models/experiments/horizon_sweep/results/reacher/sigreg/offset_40/metrics.json,reacher_sigreg_seed0
reacher,Reacher,random,,0,40,80,100,10.0,nan,63026,73026,54.495370626449585,ok,/lustre/home/pivashkov/projects/latent-world-models/experiments/horizon_sweep/results/reacher/random/offset_40,/lustre/home/pivashkov/projects/latent-world-models/experiments/horizon_sweep/results/reacher/random/offset_40/metrics.json,
reacher,Reacher,forward_only,0,,55,110,100,11.0,nan,63027,73027,678.3199157714844,ok,/lustre/home/pivashkov/projects/latent-world-models/experiments/horizon_sweep/results/reacher/forward_only/offset_55,/lustre/home/pivashkov/projects/latent-world-models/experiments/horizon_sweep/results/reacher/forward_only/offset_55/metrics.json,reacher_forward_only_seed0
reacher,Reacher,inverse,0,,55,110,100,84.0,nan,63027,73027,681.5329430103302,ok,/lustre/home/pivashkov/projects/latent-world-models/experiments/horizon_sweep/results/reacher/inverse/offset_55,/lustre/home/pivashkov/projects/latent-world-models/experiments/horizon_sweep/results/reacher/inverse/offset_55/metrics.json,reacher_inverse_lambda_1_seed0
reacher,Reacher,sigreg,0,,55,110,100,89.0,nan,63027,73027,677.6477513313293,ok,/lustre/home/pivashkov/projects/latent-world-models/experiments/horizon_sweep/results/reacher/sigreg/offset_55,/lustre/home/pivashkov/projects/latent-world-models/experiments/horizon_sweep/results/reacher/sigreg/offset_55/metrics.json,reacher_sigreg_seed0
reacher,Reacher,random,,0,55,110,100,11.0,nan,63027,73027,67.62471628189087,ok,/lustre/home/pivashkov/projects/latent-world-models/experiments/horizon_sweep/results/reacher/random/offset_55,/lustre/home/pivashkov/projects/latent-world-models/experiments/horizon_sweep/results/reacher/random/offset_55/metrics.json,
reacher,Reacher,forward_only,0,,70,140,100,5.0,nan,63028,73028,850.9157602787018,ok,/lustre/home/pivashkov/projects/latent-world-models/experiments/horizon_sweep/results/reacher/forward_only/offset_70,/lustre/home/pivashkov/projects/latent-world-models/experiments/horizon_sweep/results/reacher/forward_only/offset_70/metrics.json,reacher_forward_only_seed0
reacher,Reacher,inverse,0,,70,140,100,83.0,nan,63028,73028,850.580860376358,ok,/lustre/home/pivashkov/projects/latent-world-models/experiments/horizon_sweep/results/reacher/inverse/offset_70,/lustre/home/pivashkov/projects/latent-world-models/experiments/horizon_sweep/results/reacher/inverse/offset_70/metrics.json,reacher_inverse_lambda_1_seed0
reacher,Reacher,sigreg,0,,70,140,100,88.0,nan,63028,73028,818.631105184555,ok,/lustre/home/pivashkov/projects/latent-world-models/experiments/horizon_sweep/results/reacher/sigreg/offset_70,/lustre/home/pivashkov/projects/latent-world-models/experiments/horizon_sweep/results/reacher/sigreg/offset_70/metrics.json,reacher_sigreg_seed0
reacher,Reacher,random,,0,70,140,100,12.0,nan,63028,73028,92.42987275123596,ok,/lustre/home/pivashkov/projects/latent-world-models/experiments/horizon_sweep/results/reacher/random/offset_70,/lustre/home/pivashkov/projects/latent-world-models/experiments/horizon_sweep/results/reacher/random/offset_70/metrics.json,
reacher,Reacher,forward_only,0,,85,170,100,7.000000000000001,nan,63029,73029,978.4388048648834,ok,/lustre/home/pivashkov/projects/latent-world-models/experiments/horizon_sweep/results/reacher/forward_only/offset_85,/lustre/home/pivashkov/projects/latent-world-models/experiments/horizon_sweep/results/reacher/forward_only/offset_85/metrics.json,reacher_forward_only_seed0
reacher,Reacher,inverse,0,,85,170,100,83.0,nan,63029,73029,966.4930448532104,ok,/lustre/home/pivashkov/projects/latent-world-models/experiments/horizon_sweep/results/reacher/inverse/offset_85,/lustre/home/pivashkov/projects/latent-world-models/experiments/horizon_sweep/results/reacher/inverse/offset_85/metrics.json,reacher_inverse_lambda_1_seed0
reacher,Reacher,sigreg,0,,85,170,100,88.0,nan,63029,73029,976.5373594760895,ok,/lustre/home/pivashkov/projects/latent-world-models/experiments/horizon_sweep/results/reacher/sigreg/offset_85,/lustre/home/pivashkov/projects/latent-world-models/experiments/horizon_sweep/results/reacher/sigreg/offset_85/metrics.json,reacher_sigreg_seed0
reacher,Reacher,random,,0,85,170,100,14.000000000000002,nan,63029,73029,93.8027856349945,ok,/lustre/home/pivashkov/projects/latent-world-models/experiments/horizon_sweep/results/reacher/random/offset_85,/lustre/home/pivashkov/projects/latent-world-models/experiments/horizon_sweep/results/reacher/random/offset_85/metrics.json,
reacher,Reacher,forward_only,0,,100,200,100,10.0,nan,63030,73030,1105.9785454273224,ok,/lustre/home/pivashkov/projects/latent-world-models/experiments/horizon_sweep/results/reacher/forward_only/offset_100,/lustre/home/pivashkov/projects/latent-world-models/experiments/horizon_sweep/results/reacher/forward_only/offset_100/metrics.json,reacher_forward_only_seed0
reacher,Reacher,inverse,0,,100,200,100,79.0,nan,63030,73030,1079.9738070964813,ok,/lustre/home/pivashkov/projects/latent-world-models/experiments/horizon_sweep/results/reacher/inverse/offset_100,/lustre/home/pivashkov/projects/latent-world-models/experiments/horizon_sweep/results/reacher/inverse/offset_100/metrics.json,reacher_inverse_lambda_1_seed0
reacher,Reacher,sigreg,0,,100,200,100,87.0,nan,63030,73030,1090.2205138206482,ok,/lustre/home/pivashkov/projects/latent-world-models/experiments/horizon_sweep/results/reacher/sigreg/offset_100,/lustre/home/pivashkov/projects/latent-world-models/experiments/horizon_sweep/results/reacher/sigreg/offset_100/metrics.json,reacher_sigreg_seed0
reacher,Reacher,random,,0,100,200,100,12.0,nan,63030,73030,109.09767079353333,ok,/lustre/home/pivashkov/projects/latent-world-models/experiments/horizon_sweep/results/reacher/random/offset_100,/lustre/home/pivashkov/projects/latent-world-models/experiments/horizon_sweep/results/reacher/random/offset_100/metrics.json,
pusht,Push-T,forward_only,0,,25,50,100,0.0,nan,64025,74025,259.733101606369,ok,/lustre/home/pivashkov/projects/latent-world-models/experiments/horizon_sweep/results/pusht/forward_only/offset_25,/lustre/home/pivashkov/projects/latent-world-models/experiments/horizon_sweep/results/pusht/forward_only/offset_25/metrics.json,pusht_forward_only_seed0
pusht,Push-T,inverse,0,,25,50,100,87.0,nan,64025,74025,260.3329064846039,ok,/lustre/home/pivashkov/projects/latent-world-models/experiments/horizon_sweep/results/pusht/inverse/offset_25,/lustre/home/pivashkov/projects/latent-world-models/experiments/horizon_sweep/results/pusht/inverse/offset_25/metrics.json,pusht_inverse_lambda_30_seed0
pusht,Push-T,sigreg,0,,25,50,100,94.0,nan,64025,74025,266.0489192008972,ok,/lustre/home/pivashkov/projects/latent-world-models/experiments/horizon_sweep/results/pusht/sigreg/offset_25,/lustre/home/pivashkov/projects/latent-world-models/experiments/horizon_sweep/results/pusht/sigreg/offset_25/metrics.json,pusht_sigreg_seed0
pusht,Push-T,random,,0,25,50,100,2.0,nan,64025,74025,16.910424947738647,ok,/lustre/home/pivashkov/projects/latent-world-models/experiments/horizon_sweep/results/pusht/random/offset_25,/lustre/home/pivashkov/projects/latent-world-models/experiments/horizon_sweep/results/pusht/random/offset_25/metrics.json,
pusht,Push-T,forward_only,0,,40,80,100,0.0,nan,64026,74026,523.968724489212,ok,/lustre/home/pivashkov/projects/latent-world-models/experiments/horizon_sweep/results/pusht/forward_only/offset_40,/lustre/home/pivashkov/projects/latent-world-models/experiments/horizon_sweep/results/pusht/forward_only/offset_40/metrics.json,pusht_forward_only_seed0
pusht,Push-T,inverse,0,,40,80,100,53.0,nan,64026,74026,506.03532814979553,ok,/lustre/home/pivashkov/projects/latent-world-models/experiments/horizon_sweep/results/pusht/inverse/offset_40,/lustre/home/pivashkov/projects/latent-world-models/experiments/horizon_sweep/results/pusht/inverse/offset_40/metrics.json,pusht_inverse_lambda_30_seed0
pusht,Push-T,sigreg,0,,40,80,100,56.99999999999999,nan,64026,74026,519.1617293357849,ok,/lustre/home/pivashkov/projects/latent-world-models/experiments/horizon_sweep/results/pusht/sigreg/offset_40,/lustre/home/pivashkov/projects/latent-world-models/experiments/horizon_sweep/results/pusht/sigreg/offset_40/metrics.json,pusht_sigreg_seed0
pusht,Push-T,random,,0,40,80,100,2.0,nan,64026,74026,26.452507972717285,ok,/lustre/home/pivashkov/projects/latent-world-models/experiments/horizon_sweep/results/pusht/random/offset_40,/lustre/home/pivashkov/projects/latent-world-models/experiments/horizon_sweep/results/pusht/random/offset_40/metrics.json,
pusht,Push-T,forward_only,0,,55,110,100,0.0,nan,64027,74027,654.2843008041382,ok,/lustre/home/pivashkov/projects/latent-world-models/experiments/horizon_sweep/results/pusht/forward_only/offset_55,/lustre/home/pivashkov/projects/latent-world-models/experiments/horizon_sweep/results/pusht/forward_only/offset_55/metrics.json,pusht_forward_only_seed0
pusht,Push-T,inverse,0,,55,110,100,31.0,nan,64027,74027,664.0020680427551,ok,/lustre/home/pivashkov/projects/latent-world-models/experiments/horizon_sweep/results/pusht/inverse/offset_55,/lustre/home/pivashkov/projects/latent-world-models/experiments/horizon_sweep/results/pusht/inverse/offset_55/metrics.json,pusht_inverse_lambda_30_seed0
pusht,Push-T,sigreg,0,,55,110,100,34.0,nan,64027,74027,684.7226865291595,ok,/lustre/home/pivashkov/projects/latent-world-models/experiments/horizon_sweep/results/pusht/sigreg/offset_55,/lustre/home/pivashkov/projects/latent-world-models/experiments/horizon_sweep/results/pusht/sigreg/offset_55/metrics.json,pusht_sigreg_seed0
pusht,Push-T,random,,0,55,110,100,1.0,nan,64027,74027,36.22350287437439,ok,/lustre/home/pivashkov/projects/latent-world-models/experiments/horizon_sweep/results/pusht/random/offset_55,/lustre/home/pivashkov/projects/latent-world-models/experiments/horizon_sweep/results/pusht/random/offset_55/metrics.json,
pusht,Push-T,forward_only,0,,70,140,100,0.0,nan,64028,74028,794.9780833721161,ok,/lustre/home/pivashkov/projects/latent-world-models/experiments/horizon_sweep/results/pusht/forward_only/offset_70,/lustre/home/pivashkov/projects/latent-world-models/experiments/horizon_sweep/results/pusht/forward_only/offset_70/metrics.json,pusht_forward_only_seed0
pusht,Push-T,inverse,0,,70,140,100,15.0,nan,64028,74028,727.7752332687378,ok,/lustre/home/pivashkov/projects/latent-world-models/experiments/horizon_sweep/results/pusht/inverse/offset_70,/lustre/home/pivashkov/projects/latent-world-models/experiments/horizon_sweep/results/pusht/inverse/offset_70/metrics.json,pusht_inverse_lambda_30_seed0
pusht,Push-T,sigreg,0,,70,140,100,16.0,nan,64028,74028,803.7467994689941,ok,/lustre/home/pivashkov/projects/latent-world-models/experiments/horizon_sweep/results/pusht/sigreg/offset_70,/lustre/home/pivashkov/projects/latent-world-models/experiments/horizon_sweep/results/pusht/sigreg/offset_70/metrics.json,pusht_sigreg_seed0
pusht,Push-T,random,,0,70,140,100,0.0,nan,64028,74028,38.24081468582153,ok,/lustre/home/pivashkov/projects/latent-world-models/experiments/horizon_sweep/results/pusht/random/offset_70,/lustre/home/pivashkov/projects/latent-world-models/experiments/horizon_sweep/results/pusht/random/offset_70/metrics.json,
pusht,Push-T,forward_only,0,,85,170,100,0.0,nan,64029,74029,865.9370267391205,ok,/lustre/home/pivashkov/projects/latent-world-models/experiments/horizon_sweep/results/pusht/forward_only/offset_85,/lustre/home/pivashkov/projects/latent-world-models/experiments/horizon_sweep/results/pusht/forward_only/offset_85/metrics.json,pusht_forward_only_seed0
pusht,Push-T,inverse,0,,85,170,100,16.0,nan,64029,74029,909.9726874828339,ok,/lustre/home/pivashkov/projects/latent-world-models/experiments/horizon_sweep/results/pusht/inverse/offset_85,/lustre/home/pivashkov/projects/latent-world-models/experiments/horizon_sweep/results/pusht/inverse/offset_85/metrics.json,pusht_inverse_lambda_30_seed0
pusht,Push-T,sigreg,0,,85,170,100,16.0,nan,64029,74029,789.963707447052,ok,/lustre/home/pivashkov/projects/latent-world-models/experiments/horizon_sweep/results/pusht/sigreg/offset_85,/lustre/home/pivashkov/projects/latent-world-models/experiments/horizon_sweep/results/pusht/sigreg/offset_85/metrics.json,pusht_sigreg_seed0
pusht,Push-T,random,,0,85,170,100,1.0,nan,64029,74029,49.04454016685486,ok,/lustre/home/pivashkov/projects/latent-world-models/experiments/horizon_sweep/results/pusht/random/offset_85,/lustre/home/pivashkov/projects/latent-world-models/experiments/horizon_sweep/results/pusht/random/offset_85/metrics.json,
pusht,Push-T,forward_only,0,,100,200,100,0.0,nan,64030,74030,1008.8953795433044,ok,/lustre/home/pivashkov/projects/latent-world-models/experiments/horizon_sweep/results/pusht/forward_only/offset_100,/lustre/home/pivashkov/projects/latent-world-models/experiments/horizon_sweep/results/pusht/forward_only/offset_100/metrics.json,pusht_forward_only_seed0
pusht,Push-T,inverse,0,,100,200,100,13.0,nan,64030,74030,1007.734132528305,ok,/lustre/home/pivashkov/projects/latent-world-models/experiments/horizon_sweep/results/pusht/inverse/offset_100,/lustre/home/pivashkov/projects/latent-world-models/experiments/horizon_sweep/results/pusht/inverse/offset_100/metrics.json,pusht_inverse_lambda_30_seed0
pusht,Push-T,sigreg,0,,100,200,100,15.0,nan,64030,74030,1077.7413880825043,ok,/lustre/home/pivashkov/projects/latent-world-models/experiments/horizon_sweep/results/pusht/sigreg/offset_100,/lustre/home/pivashkov/projects/latent-world-models/experiments/horizon_sweep/results/pusht/sigreg/offset_100/metrics.json,pusht_sigreg_seed0
pusht,Push-T,random,,0,100,200,100,0.0,nan,64030,74030,64.64357304573059,ok,/lustre/home/pivashkov/projects/latent-world-models/experiments/horizon_sweep/results/pusht/random/offset_100,/lustre/home/pivashkov/projects/latent-world-models/experiments/horizon_sweep/results/pusht/random/offset_100/metrics.json,
ogbcube,OGBench-Cube,forward_only,0,,25,50,100,55.00000000000001,nan,65025,75025,341.9396631717682,ok,/lustre/home/pivashkov/projects/latent-world-models/experiments/horizon_sweep/results/ogbcube/forward_only/offset_25,/lustre/home/pivashkov/projects/latent-world-models/experiments/horizon_sweep/results/ogbcube/forward_only/offset_25/metrics.json,cube_forward_only_seed0
ogbcube,OGBench-Cube,inverse,0,,25,50,100,86.0,nan,65025,75025,355.86626863479614,ok,/lustre/home/pivashkov/projects/latent-world-models/experiments/horizon_sweep/results/ogbcube/inverse/offset_25,/lustre/home/pivashkov/projects/latent-world-models/experiments/horizon_sweep/results/ogbcube/inverse/offset_25/metrics.json,cube_inverse_lambda_1_seed0
ogbcube,OGBench-Cube,sigreg,0,,25,50,100,66.0,nan,65025,75025,339.8378703594208,ok,/lustre/home/pivashkov/projects/latent-world-models/experiments/horizon_sweep/results/ogbcube/sigreg/offset_25,/lustre/home/pivashkov/projects/latent-world-models/experiments/horizon_sweep/results/ogbcube/sigreg/offset_25/metrics.json,cube_sigreg_seed0
ogbcube,OGBench-Cube,random,,0,25,50,100,49.0,nan,65025,75025,82.29143261909485,ok,/lustre/home/pivashkov/projects/latent-world-models/experiments/horizon_sweep/results/ogbcube/random/offset_25,/lustre/home/pivashkov/projects/latent-world-models/experiments/horizon_sweep/results/ogbcube/random/offset_25/metrics.json,
ogbcube,OGBench-Cube,forward_only,0,,40,80,100,48.0,nan,65026,75026,631.4796152114868,ok,/lustre/home/pivashkov/projects/latent-world-models/experiments/horizon_sweep/results/ogbcube/forward_only/offset_40,/lustre/home/pivashkov/projects/latent-world-models/experiments/horizon_sweep/results/ogbcube/forward_only/offset_40/metrics.json,cube_forward_only_seed0
ogbcube,OGBench-Cube,inverse,0,,40,80,100,71.0,nan,65026,75026,592.7030527591705,ok,/lustre/home/pivashkov/projects/latent-world-models/experiments/horizon_sweep/results/ogbcube/inverse/offset_40,/lustre/home/pivashkov/projects/latent-world-models/experiments/horizon_sweep/results/ogbcube/inverse/offset_40/metrics.json,cube_inverse_lambda_1_seed0
ogbcube,OGBench-Cube,sigreg,0,,40,80,100,57.99999999999999,nan,65026,75026,618.9860708713531,ok,/lustre/home/pivashkov/projects/latent-world-models/experiments/horizon_sweep/results/ogbcube/sigreg/offset_40,/lustre/home/pivashkov/projects/latent-world-models/experiments/horizon_sweep/results/ogbcube/sigreg/offset_40/metrics.json,cube_sigreg_seed0
ogbcube,OGBench-Cube,random,,0,40,80,100,47.0,nan,65026,75026,98.21372151374817,ok,/lustre/home/pivashkov/projects/latent-world-models/experiments/horizon_sweep/results/ogbcube/random/offset_40,/lustre/home/pivashkov/projects/latent-world-models/experiments/horizon_sweep/results/ogbcube/random/offset_40/metrics.json,
ogbcube,OGBench-Cube,forward_only,0,,55,110,100,40.0,nan,65027,75027,752.2870984077454,ok,/lustre/home/pivashkov/projects/latent-world-models/experiments/horizon_sweep/results/ogbcube/forward_only/offset_55,/lustre/home/pivashkov/projects/latent-world-models/experiments/horizon_sweep/results/ogbcube/forward_only/offset_55/metrics.json,cube_forward_only_seed0
ogbcube,OGBench-Cube,inverse,0,,55,110,100,64.0,nan,65027,75027,782.9173333644867,ok,/lustre/home/pivashkov/projects/latent-world-models/experiments/horizon_sweep/results/ogbcube/inverse/offset_55,/lustre/home/pivashkov/projects/latent-world-models/experiments/horizon_sweep/results/ogbcube/inverse/offset_55/metrics.json,cube_inverse_lambda_1_seed0
ogbcube,OGBench-Cube,sigreg,0,,55,110,100,50.0,nan,65027,75027,773.589352607727,ok,/lustre/home/pivashkov/projects/latent-world-models/experiments/horizon_sweep/results/ogbcube/sigreg/offset_55,/lustre/home/pivashkov/projects/latent-world-models/experiments/horizon_sweep/results/ogbcube/sigreg/offset_55/metrics.json,cube_sigreg_seed0
ogbcube,OGBench-Cube,random,,0,55,110,100,36.0,nan,65027,75027,115.56126928329468,ok,/lustre/home/pivashkov/projects/latent-world-models/experiments/horizon_sweep/results/ogbcube/random/offset_55,/lustre/home/pivashkov/projects/latent-world-models/experiments/horizon_sweep/results/ogbcube/random/offset_55/metrics.json,
ogbcube,OGBench-Cube,forward_only,0,,70,140,100,44.0,nan,65028,75028,916.3377416133881,ok,/lustre/home/pivashkov/projects/latent-world-models/experiments/horizon_sweep/results/ogbcube/forward_only/offset_70,/lustre/home/pivashkov/projects/latent-world-models/experiments/horizon_sweep/results/ogbcube/forward_only/offset_70/metrics.json,cube_forward_only_seed0
ogbcube,OGBench-Cube,inverse,0,,70,140,100,79.0,nan,65028,75028,856.0845956802368,ok,/lustre/home/pivashkov/projects/latent-world-models/experiments/horizon_sweep/results/ogbcube/inverse/offset_70,/lustre/home/pivashkov/projects/latent-world-models/experiments/horizon_sweep/results/ogbcube/inverse/offset_70/metrics.json,cube_inverse_lambda_1_seed0
ogbcube,OGBench-Cube,sigreg,0,,70,140,100,62.0,nan,65028,75028,923.6727602481842,ok,/lustre/home/pivashkov/projects/latent-world-models/experiments/horizon_sweep/results/ogbcube/sigreg/offset_70,/lustre/home/pivashkov/projects/latent-world-models/experiments/horizon_sweep/results/ogbcube/sigreg/offset_70/metrics.json,cube_sigreg_seed0
ogbcube,OGBench-Cube,random,,0,70,140,100,41.0,nan,65028,75028,138.24380445480347,ok,/lustre/home/pivashkov/projects/latent-world-models/experiments/horizon_sweep/results/ogbcube/random/offset_70,/lustre/home/pivashkov/projects/latent-world-models/experiments/horizon_sweep/results/ogbcube/random/offset_70/metrics.json,
ogbcube,OGBench-Cube,forward_only,0,,85,170,100,45.0,nan,65029,75029,905.258136510849,ok,/lustre/home/pivashkov/projects/latent-world-models/experiments/horizon_sweep/results/ogbcube/forward_only/offset_85,/lustre/home/pivashkov/projects/latent-world-models/experiments/horizon_sweep/results/ogbcube/forward_only/offset_85/metrics.json,cube_forward_only_seed0
ogbcube,OGBench-Cube,inverse,0,,85,170,100,81.0,nan,65029,75029,1007.2224521636963,ok,/lustre/home/pivashkov/projects/latent-world-models/experiments/horizon_sweep/results/ogbcube/inverse/offset_85,/lustre/home/pivashkov/projects/latent-world-models/experiments/horizon_sweep/results/ogbcube/inverse/offset_85/metrics.json,cube_inverse_lambda_1_seed0
ogbcube,OGBench-Cube,sigreg,0,,85,170,100,62.0,nan,65029,75029,1011.4299206733704,ok,/lustre/home/pivashkov/projects/latent-world-models/experiments/horizon_sweep/results/ogbcube/sigreg/offset_85,/lustre/home/pivashkov/projects/latent-world-models/experiments/horizon_sweep/results/ogbcube/sigreg/offset_85/metrics.json,cube_sigreg_seed0
ogbcube,OGBench-Cube,random,,0,85,170,100,46.0,nan,65029,75029,149.01734614372253,ok,/lustre/home/pivashkov/projects/latent-world-models/experiments/horizon_sweep/results/ogbcube/random/offset_85,/lustre/home/pivashkov/projects/latent-world-models/experiments/horizon_sweep/results/ogbcube/random/offset_85/metrics.json,
ogbcube,OGBench-Cube,forward_only,0,,100,200,100,50.0,nan,65030,75030,1219.6015253067017,ok,/lustre/home/pivashkov/projects/latent-world-models/experiments/horizon_sweep/results/ogbcube/forward_only/offset_100,/lustre/home/pivashkov/projects/latent-world-models/experiments/horizon_sweep/results/ogbcube/forward_only/offset_100/metrics.json,cube_forward_only_seed0
ogbcube,OGBench-Cube,inverse,0,,100,200,100,86.0,nan,65030,75030,1216.629234790802,ok,/lustre/home/pivashkov/projects/latent-world-models/experiments/horizon_sweep/results/ogbcube/inverse/offset_100,/lustre/home/pivashkov/projects/latent-world-models/experiments/horizon_sweep/results/ogbcube/inverse/offset_100/metrics.json,cube_inverse_lambda_1_seed0
ogbcube,OGBench-Cube,sigreg,0,,100,200,100,67.0,nan,65030,75030,1138.6019976139069,ok,/lustre/home/pivashkov/projects/latent-world-models/experiments/horizon_sweep/results/ogbcube/sigreg/offset_100,/lustre/home/pivashkov/projects/latent-world-models/experiments/horizon_sweep/results/ogbcube/sigreg/offset_100/metrics.json,cube_sigreg_seed0
ogbcube,OGBench-Cube,random,,0,100,200,100,46.0,nan,65030,75030,169.36079096794128,ok,/lustre/home/pivashkov/projects/latent-world-models/experiments/horizon_sweep/results/ogbcube/random/offset_100,/lustre/home/pivashkov/projects/latent-world-models/experiments/horizon_sweep/results/ogbcube/random/offset_100/metrics.json,
